Workbook

Sheet 📋 LOG
A1: SLEEP LEADERBOARD · Life OS
A2: Date | B2: Player | C2: Bedtime | D2: Wake Time | E2: Total Hours | F2: Deep % (HRV) | G2: REM % | H2: Core % | I2: Awake % | J2: Watch Worn? | K2: Streak (days) | L2: SCORE
A3: 2026-04-24 | B3: Joey | C3: 23:15 | D3: 07:10 | E3: =IF(AND(C3<>"",D3<>""),IF(TIMEVALUE(D3)>TIMEVALUE(C3),(TIMEVALUE(D3)-TIMEVALUE(C3))*24,(1-TIMEVALUE(C3)+TIMEVALUE(D3))*24),"") -> 7.9166667 | F3: 21 | G3: 23 | H3: 51 | I3: 5 | J3: yes | K3: 3 | L3: =IF(B3="","",ROUND(MAX(0,30-ABS(E3-7.5)*10)+MAX(0,20-ABS(F3-20)*2)+MAX(0,15-ABS(G3-22)*1.5)+MAX(0,10-ABS(H3-52)/2)+IF(I3="","",MAX(0,10-MAX(0,I3-5)*2))+IF(J3="yes",10,IF(J3="manual",5,0))+MIN(5,K3*0.5),0)) -> 88
A4: 2026-04-23 | B4: Dad | C4: 22:45 | D4: 06:30 | E4: =IF(AND(C4<>"",D4<>""),IF(TIMEVALUE(D4)>TIMEVALUE(C4),(TIMEVALUE(D4)-TIMEVALUE(C4))*24,(1-TIMEVALUE(C4)+TIMEVALUE(D4))*24),"") -> 7.75 | F4: 18 | G4: 20 | H4: 55 | I4: 7 | J4: yes | K4: 2 | L4: =IF(B4="","",ROUND(MAX(0,30-ABS(E4-7.5)*10)+MAX(0,20-ABS(F4-20)*2)+MAX(0,15-ABS(G4-22)*1.5)+MAX(0,10-ABS(H4-52)/2)+IF(I4="","",MAX(0,10-MAX(0,I4-5)*2))+IF(J4="yes",10,IF(J4="manual",5,0))+MIN(5,K4*0.5),0)) -> 81
E5: =IF(AND(C5<>"",D5<>""),IF(TIMEVALUE(D5)>TIMEVALUE(C5),(TIMEVALUE(D5)-TIMEVALUE(C5))*24,(1-TIMEVALUE(C5)+TIMEVALUE(D5))*24),"") | L5: =IF(B5="","",ROUND(MAX(0,30-ABS(E5-7.5)*10)+MAX(0,20-ABS(F5-20)*2)+MAX(0,15-ABS(G5-22)*1.5)+MAX(0,10-ABS(H5-52)/2)+IF(I5="","",MAX(0,10-MAX(0,I5-5)*2))+IF(J5="yes",10,IF(J5="manual",5,0))+MIN(5,K5*0.5),0))
E6: =IF(AND(C6<>"",D6<>""),IF(TIMEVALUE(D6)>TIMEVALUE(C6),(TIMEVALUE(D6)-TIMEVALUE(C6))*24,(1-TIMEVALUE(C6)+TIMEVALUE(D6))*24),"") | L6: =IF(B6="","",ROUND(MAX(0,30-ABS(E6-7.5)*10)+MAX(0,20-ABS(F6-20)*2)+MAX(0,15-ABS(G6-22)*1.5)+MAX(0,10-ABS(H6-52)/2)+IF(I6="","",MAX(0,10-MAX(0,I6-5)*2))+IF(J6="yes",10,IF(J6="manual",5,0))+MIN(5,K6*0.5),0))
E7: =IF(AND(C7<>"",D7<>""),IF(TIMEVALUE(D7)>TIMEVALUE(C7),(TIMEVALUE(D7)-TIMEVALUE(C7))*24,(1-TIMEVALUE(C7)+TIMEVALUE(D7))*24),"") | L7: =IF(B7="","",ROUND(MAX(0,30-ABS(E7-7.5)*10)+MAX(0,20-ABS(F7-20)*2)+MAX(0,15-ABS(G7-22)*1.5)+MAX(0,10-ABS(H7-52)/2)+IF(I7="","",MAX(0,10-MAX(0,I7-5)*2))+IF(J7="yes",10,IF(J7="manual",5,0))+MIN(5,K7*0.5),0))
E8: =IF(AND(C8<>"",D8<>""),IF(TIMEVALUE(D8)>TIMEVALUE(C8),(TIMEVALUE(D8)-TIMEVALUE(C8))*24,(1-TIMEVALUE(C8)+TIMEVALUE(D8))*24),"") | L8: =IF(B8="","",ROUND(MAX(0,30-ABS(E8-7.5)*10)+MAX(0,20-ABS(F8-20)*2)+MAX(0,15-ABS(G8-22)*1.5)+MAX(0,10-ABS(H8-52)/2)+IF(I8="","",MAX(0,10-MAX(0,I8-5)*2))+IF(J8="yes",10,IF(J8="manual",5,0))+MIN(5,K8*0.5),0))
E9: =IF(AND(C9<>"",D9<>""),IF(TIMEVALUE(D9)>TIMEVALUE(C9),(TIMEVALUE(D9)-TIMEVALUE(C9))*24,(1-TIMEVALUE(C9)+TIMEVALUE(D9))*24),"") | L9: =IF(B9="","",ROUND(MAX(0,30-ABS(E9-7.5)*10)+MAX(0,20-ABS(F9-20)*2)+MAX(0,15-ABS(G9-22)*1.5)+MAX(0,10-ABS(H9-52)/2)+IF(I9="","",MAX(0,10-MAX(0,I9-5)*2))+IF(J9="yes",10,IF(J9="manual",5,0))+MIN(5,K9*0.5),0))
E10: =IF(AND(C10<>"",D10<>""),IF(TIMEVALUE(D10)>TIMEVALUE(C10),(TIMEVALUE(D10)-TIMEVALUE(C10))*24,(1-TIMEVALUE(C10)+TIMEVALUE(D10))*24),"") | L10: =IF(B10="","",ROUND(MAX(0,30-ABS(E10-7.5)*10)+MAX(0,20-ABS(F10-20)*2)+MAX(0,15-ABS(G10-22)*1.5)+MAX(0,10-ABS(H10-52)/2)+IF(I10="","",MAX(0,10-MAX(0,I10-5)*2))+IF(J10="yes",10,IF(J10="manual",5,0))+MIN(5,K10*0.5),0))
E11: =IF(AND(C11<>"",D11<>""),IF(TIMEVALUE(D11)>TIMEVALUE(C11),(TIMEVALUE(D11)-TIMEVALUE(C11))*24,(1-TIMEVALUE(C11)+TIMEVALUE(D11))*24),"") | L11: =IF(B11="","",ROUND(MAX(0,30-ABS(E11-7.5)*10)+MAX(0,20-ABS(F11-20)*2)+MAX(0,15-ABS(G11-22)*1.5)+MAX(0,10-ABS(H11-52)/2)+IF(I11="","",MAX(0,10-MAX(0,I11-5)*2))+IF(J11="yes",10,IF(J11="manual",5,0))+MIN(5,K11*0.5),0))
E12: =IF(AND(C12<>"",D12<>""),IF(TIMEVALUE(D12)>TIMEVALUE(C12),(TIMEVALUE(D12)-TIMEVALUE(C12))*24,(1-TIMEVALUE(C12)+TIMEVALUE(D12))*24),"") | L12: =IF(B12="","",ROUND(MAX(0,30-ABS(E12-7.5)*10)+MAX(0,20-ABS(F12-20)*2)+MAX(0,15-ABS(G12-22)*1.5)+MAX(0,10-ABS(H12-52)/2)+IF(I12="","",MAX(0,10-MAX(0,I12-5)*2))+IF(J12="yes",10,IF(J12="manual",5,0))+MIN(5,K12*0.5),0))
E13: =IF(AND(C13<>"",D13<>""),IF(TIMEVALUE(D13)>TIMEVALUE(C13),(TIMEVALUE(D13)-TIMEVALUE(C13))*24,(1-TIMEVALUE(C13)+TIMEVALUE(D13))*24),"") | L13: =IF(B13="","",ROUND(MAX(0,30-ABS(E13-7.5)*10)+MAX(0,20-ABS(F13-20)*2)+MAX(0,15-ABS(G13-22)*1.5)+MAX(0,10-ABS(H13-52)/2)+IF(I13="","",MAX(0,10-MAX(0,I13-5)*2))+IF(J13="yes",10,IF(J13="manual",5,0))+MIN(5,K13*0.5),0))
E14: =IF(AND(C14<>"",D14<>""),IF(TIMEVALUE(D14)>TIMEVALUE(C14),(TIMEVALUE(D14)-TIMEVALUE(C14))*24,(1-TIMEVALUE(C14)+TIMEVALUE(D14))*24),"") | L14: =IF(B14="","",ROUND(MAX(0,30-ABS(E14-7.5)*10)+MAX(0,20-ABS(F14-20)*2)+MAX(0,15-ABS(G14-22)*1.5)+MAX(0,10-ABS(H14-52)/2)+IF(I14="","",MAX(0,10-MAX(0,I14-5)*2))+IF(J14="yes",10,IF(J14="manual",5,0))+MIN(5,K14*0.5),0))
E15: =IF(AND(C15<>"",D15<>""),IF(TIMEVALUE(D15)>TIMEVALUE(C15),(TIMEVALUE(D15)-TIMEVALUE(C15))*24,(1-TIMEVALUE(C15)+TIMEVALUE(D15))*24),"") | L15: =IF(B15="","",ROUND(MAX(0,30-ABS(E15-7.5)*10)+MAX(0,20-ABS(F15-20)*2)+MAX(0,15-ABS(G15-22)*1.5)+MAX(0,10-ABS(H15-52)/2)+IF(I15="","",MAX(0,10-MAX(0,I15-5)*2))+IF(J15="yes",10,IF(J15="manual",5,0))+MIN(5,K15*0.5),0))
E16: =IF(AND(C16<>"",D16<>""),IF(TIMEVALUE(D16)>TIMEVALUE(C16),(TIMEVALUE(D16)-TIMEVALUE(C16))*24,(1-TIMEVALUE(C16)+TIMEVALUE(D16))*24),"") | L16: =IF(B16="","",ROUND(MAX(0,30-ABS(E16-7.5)*10)+MAX(0,20-ABS(F16-20)*2)+MAX(0,15-ABS(G16-22)*1.5)+MAX(0,10-ABS(H16-52)/2)+IF(I16="","",MAX(0,10-MAX(0,I16-5)*2))+IF(J16="yes",10,IF(J16="manual",5,0))+MIN(5,K16*0.5),0))
... E200: =IF(AND(C200<>"",D200<>""),IF(TIMEVALUE(D200)>TIMEVALUE(C200),(TIMEVALUE(D200)-TIMEVALUE(C200))*24,(1-TIMEVALUE(C200)+TIMEVALUE(D200))*24),"") | L200: =IF(B200="","",ROUND(MAX(0,30-ABS(E200-7.5)*10)+MAX(0,20-ABS(F200-20)*2)+MAX(0,15-ABS(G200-22)*1.5)+MAX(0,10-ABS(H200-52)/2)+IF(I200="","",MAX(0,10-MAX(0,I200-5)*2))+IF(J200="yes",10,IF(J200="manual",5,0))+MIN(5,K200*0.5),0))

Sheet 🏆 LEADERBOARD
A1: 🏆 WEEKLY LEADERBOARD
A2: Player | B2: Avg Score | C2: Best Score | D2: Worst Score | E2: Nights Logged | F2: Avg Deep % | G2: Avg REM %
A3: Joey | B3: =IFERROR(AVERAGEIF('📋 LOG'!B3:B200,A3,'📋 LOG'!L3:L200),"-") -> 88 | C3: =IFERROR(maxifs('📋 LOG'!L3:L200,'📋 LOG'!B3:B200,A3),"-") -> - | D3: =IFERROR(minifs('📋 LOG'!L3:L200,'📋 LOG'!B3:B200,A3,'📋 LOG'!L3:L200,">"&0),"-") -> - | E3: =IFERROR(COUNTIF('📋 LOG'!B3:B200,A3),0) -> 1 | F3: =IFERROR(AVERAGEIF('📋 LOG'!B3:B200,A3,'📋 LOG'!F3:F200),"-") -> 21 | G3: =IFERROR(AVERAGEIF('📋 LOG'!B3:B200,A3,'📋 LOG'!G3:G200),"-") -> 23
A4: Dad | B4: =IFERROR(AVERAGEIF('📋 LOG'!B3:B200,A4,'📋 LOG'!L3:L200),"-") -> 81 | C4: =IFERROR(maxifs('📋 LOG'!L3:L200,'📋 LOG'!B3:B200,A4),"-") -> - | D4: =IFERROR(minifs('📋 LOG'!L3:L200,'📋 LOG'!B3:B200,A4,'📋 LOG'!L3:L200,">"&0),"-") -> - | E4: =IFERROR(COUNTIF('📋 LOG'!B3:B200,A4),0) -> 1 | F4: =IFERROR(AVERAGEIF('📋 LOG'!B3:B200,A4,'📋 LOG'!F3:F200),"-") -> 18 | G4: =IFERROR(AVERAGEIF('📋 LOG'!B3:B200,A4,'📋 LOG'!G3:G200),"-") -> 20

Sheet 📐 SCORING
A1: SCORING RUBRIC · Sleep Leaderboard
A2: DIMENSION | B2: MAX PTS | C2: FORMULA / LOGIC
A3: Total Duration | B3: 30 | C3: Peak at 7.5h · -5 pts per 30min deviation
A4: Deep Sleep % | B4: 20 | C4: Peak at 20% · -2 pts per 1% off target
A5: REM Sleep % | B5: 15 | C5: Peak at 22% · -1.5 pts per 1% off target
A6: Core Sleep % | B6: 10 | C6: Peak at 52% · mild penalty outside range
A7: Awake % | B7: 10 | C7: 10 pts if <5% awake · -2 per 1% over
A8: Watch Worn | B8: 10 | C8: yes=10 manual=5 no data=0
A9: Streak Bonus | B9: 5 | C9: +0.5 per consecutive night · max 5
A10: TOTAL | B10: 100

Sheet ⚙️ SETUP
A1: SETUP GUIDE · Google Sheets + Apple Shortcut
A3: 1 | B3: Upload this file to Google Drive → File → Save as Google Sheets
A4: 2 | B4: Share the sheet with Dad: Share button → add his email → Editor access
A5: 3 | B5: Go to Extensions → Apps Script → paste the webhook script (see Claude artifact)
A6: 4 | B6: Deploy Apps Script as Web App → Anyone can access → copy Web App URL
A7: 5 | B7: Paste the Web App URL into your Apple Shortcut (Step 6 in shortcut tree)
A8: 6 | B8: Run the Shortcut once manually to authorize the connection
A9: 7 | B9: Set the Shortcut as a Wake Up automation (Health app → Sleep → Edit → Add Shortcut)
A10: 8 | B10: Done — every morning, sleep data auto-logs to 📋 LOG tab
